Date,Open,High,Low,Close,Volume,Adj Close
2023-01-01,2.663,2.686,2.65,2.684,43495.94,2.684
2023-01-02,2.684,2.739,2.664,2.702,105611.51,2.702
2023-01-03,2.7,2.737,2.671,2.703,82078.32,2.703
2023-01-04,2.701,2.782,2.693,2.751,134542.58,2.751
2023-01-05,2.75,2.766,2.728,2.746,57268.38,2.746
2023-01-06,2.746,2.798,2.714,2.781,101210.96,2.781
2023-01-07,2.777,2.783,2.763,2.774,38104.63,2.774
2023-01-08,2.775,2.829,2.765,2.82,59269.95,2.82
2023-01-09,2.82,2.883,2.808,2.831,165516.45,2.831
2023-01-10,2.83,2.91,2.818,2.893,92288.77,2.893
2023-01-11,2.898,3.039,2.864,3.029,140345.57,3.029
2023-01-12,3.025,3.329,3.012,3.258,407035.87,3.258
2023-01-13,3.258,3.571,3.226,3.56,276034.63,3.56
2023-01-14,3.557,3.991,3.549,3.841,389991.77,3.841
2023-01-15,3.85,3.874,3.722,3.82,119042.62,3.82
2023-01-16,3.82,3.994,3.729,3.91,182024.49,3.91
2023-01-17,3.908,4.034,3.81,3.886,131821.85,3.886
2023-01-18,3.889,4.038,3.663,3.751,205272.14,3.751
2023-01-19,3.746,3.9,3.728,3.87,93015.81,3.87
2023-01-20,3.874,4.378,3.8,4.351,147412.37,4.351
2023-01-21,4.349,4.565,4.277,4.372,197578.32,4.372
2023-01-22,4.372,4.478,4.218,4.361,113874.26,4.361
2023-01-23,4.359,4.5,4.295,4.445,106769.88,4.445
2023-01-24,4.425,4.503,4.284,4.324,107812.43,4.324
2023-01-25,4.327,4.697,4.242,4.476,148976.91,4.476
2023-01-26,4.468,4.542,4.4,4.439,93627.72,4.439
2023-01-27,4.445,4.595,4.297,4.451,97211.19,4.451
2023-01-28,4.46,4.493,4.402,4.437,42444.26,4.437
2023-01-29,4.438,4.739,4.414,4.675,113649.34,4.675
2023-01-30,4.663,4.685,4.277,4.38,136998.48,4.38
2023-01-31,4.383,4.527,4.351,4.469,82139.69,4.469
2023-02-01,4.469,4.685,4.349,4.65,135923.18,4.65
2023-02-02,4.656,4.845,4.532,4.576,117542.02,4.576
2023-02-03,4.578,4.649,4.5,4.562,82314.76,4.562
2023-02-04,4.555,4.608,4.508,4.534,47456.16,4.534
2023-02-05,4.532,4.559,4.331,4.391,93236.2,4.391
2023-02-06,4.397,4.468,4.3,4.326,85443.18,4.326
2023-02-07,4.335,4.531,4.323,4.49,92262.52,4.49
2023-02-08,4.491,4.545,4.311,4.388,85968.56,4.388
2023-02-09,4.388,4.403,3.987,4.016,155378.77,4.016
2023-02-10,4.02,4.07,3.9,3.966,101640.77,3.966
2023-02-11,3.964,4.037,3.956,4.031,56149.52,4.031
2023-02-12,4.031,4.114,3.959,4.009,60848.34,4.009
2023-02-13,3.997,4.042,3.867,4.007,93380.61,4.007
2023-02-14,4.007,4.173,3.905,4.137,96245.14,4.137
2023-02-15,4.128,4.842,4.085,4.826,161119.79,4.826
2023-02-16,4.828,5.148,4.55,4.56,239689.55,4.56
2023-02-17,4.55,5.05,4.5,4.902,194026.38,4.902
2023-02-18,4.9,4.998,4.851,4.922,61048.22,4.922
2023-02-19,4.922,5.098,4.769,4.796,124032.57,4.796
2023-02-20,4.796,5.08,4.646,4.978,120357.55,4.978
2023-02-21,4.972,5.13,4.75,4.837,145630.29,4.837
2023-02-22,4.84,4.85,4.557,4.76,167001.77,4.76
2023-02-23,4.756,4.893,4.57,4.665,156611.7,4.665
2023-02-24,4.665,4.731,4.31,4.415,168344.68,4.415
2023-02-25,4.411,4.423,4.279,4.415,86513.57,4.415
2023-02-26,4.414,4.58,4.37,4.536,85413.56,4.536
2023-02-27,4.536,4.647,4.396,4.511,116808.85,4.511
2023-02-28,4.508,4.54,4.35,4.4,67481.73,4.4
2023-03-01,4.395,4.677,4.363,4.55,91969.05,4.55
2023-03-02,4.548,4.6,4.423,4.495,56932.16,4.495
2023-03-03,4.503,4.504,4.0,4.138,157304.91,4.138
2023-03-04,4.138,4.159,4.07,4.129,40909.8,4.129
2023-03-05,4.133,4.226,4.078,4.164,42138.54,4.164
2023-03-06,4.163,4.212,4.1,4.143,42366.33,4.143
2023-03-07,4.147,4.193,4.005,4.089,69598.48,4.089
2023-03-08,4.093,4.121,3.884,3.922,87372.07,3.922
2023-03-09,3.922,3.965,3.385,3.498,213211.0,3.498
2023-03-10,3.491,3.491,3.25,3.42,256436.62,3.42
2023-03-11,3.42,3.58,3.3,3.507,159865.75,3.507
2023-03-12,3.507,4.0,3.455,3.966,151349.13,3.966
2023-03-13,3.968,4.744,3.903,4.624,371217.02,4.624
2023-03-14,4.624,5.395,4.56,4.803,449412.11,4.803
2023-03-15,4.803,4.968,4.511,4.657,225689.55,4.657
2023-03-16,4.645,4.94,4.601,4.895,146035.59,4.895
2023-03-17,4.899,5.83,4.85,5.689,336604.24,5.689
2023-03-18,5.708,5.818,5.385,5.518,154970.97,5.518
2023-03-19,5.537,6.069,5.507,5.906,167305.26,5.906
2023-03-20,5.908,6.08,5.606,5.816,180613.16,5.816
2023-03-21,5.817,6.077,5.68,5.959,119565.31,5.959
2023-03-22,5.948,6.236,5.42,5.637,236116.35,5.637
2023-03-23,5.643,6.175,5.6,6.001,154537.26,6.001
2023-03-24,6.009,6.036,5.554,5.705,117415.32,5.705
2023-03-25,5.7,5.82,5.615,5.708,85609.51,5.708
2023-03-26,5.712,5.978,5.69,5.883,90388.69,5.883
2023-03-27,5.883,5.909,5.361,5.592,152482.07,5.592
2023-03-28,5.592,5.725,5.41,5.652,124023.0,5.652
2023-03-29,5.644,6.132,5.641,6.013,143780.03,6.013
2023-03-30,6.012,6.324,5.783,5.918,157464.39,5.918
2023-03-31,5.915,6.133,5.733,6.058,130541.58,6.058
2023-04-01,6.058,6.186,5.97,6.044,56939.89,6.044
2023-04-02,6.044,6.085,5.847,5.946,66546.28,5.946
2023-04-03,5.946,6.07,5.6,5.819,147792.35,5.819
2023-04-04,5.814,6.04,5.763,5.943,81995.65,5.943
2023-04-05,5.945,6.17,5.8,5.951,127934.93,5.951
2023-04-06,5.953,5.966,5.787,5.891,75208.81,5.891
2023-04-07,5.891,5.92,5.81,5.851,44501.73,5.851
2023-04-08,5.851,5.943,5.825,5.859,41010.72,5.859
2023-04-09,5.86,6.073,5.813,5.988,77479.63,5.988
2023-04-10,5.988,6.553,5.945,6.494,119681.72,6.494
2023-04-11,6.504,6.84,6.436,6.71,124944.23,6.71
2023-04-12,6.715,6.824,6.471,6.577,103818.24,6.577
2023-04-13,6.584,6.842,6.579,6.759,76454.44,6.759
2023-04-14,6.759,7.01,6.6,6.792,116791.75,6.792
2023-04-15,6.792,6.85,6.695,6.72,39884.45,6.72
2023-04-16,6.716,6.837,6.654,6.731,37480.54,6.731
2023-04-17,6.733,6.734,6.32,6.403,100212.05,6.403
2023-04-18,6.399,6.785,6.25,6.748,107964.22,6.748
2023-04-19,6.748,6.76,6.065,6.158,137056.04,6.158
2023-04-20,6.148,6.246,5.85,5.922,129012.07,5.922
2023-04-21,5.923,5.985,5.511,5.573,165824.45,5.573
2023-04-22,5.573,5.78,5.51,5.766,89687.09,5.766
2023-04-23,5.767,5.768,5.584,5.664,64668.99,5.664
2023-04-24,5.658,5.814,5.45,5.65,103587.72,5.65
2023-04-25,5.65,5.96,5.53,5.92,103259.43,5.92
2023-04-26,5.92,6.548,5.53,5.958,255847.82,5.958
2023-04-27,5.958,6.488,5.944,6.338,142940.41,6.338
2023-04-28,6.342,6.381,6.133,6.274,72277.61,6.274
2023-04-29,6.265,6.329,6.155,6.244,36596.53,6.244
2023-04-30,6.244,6.529,6.179,6.246,77089.93,6.246
2023-05-01,6.259,6.3,5.671,5.821,158428.21,5.821
2023-05-02,5.821,6.109,5.761,6.026,99807.47,6.026
2023-05-03,6.024,6.238,5.845,6.144,107270.1,6.144
2023-05-04,6.148,6.3,6.037,6.083,73024.24,6.083
2023-05-05,6.094,6.4,6.061,6.332,101238.23,6.332
2023-05-06,6.331,6.445,5.908,6.107,103416.7,6.107
2023-05-07,6.102,6.195,5.929,5.941,68250.28,5.941
2023-05-08,5.941,6.016,5.516,5.657,175852.71,5.657
2023-05-09,5.657,5.707,5.526,5.637,64478.11,5.637
2023-05-10,5.635,5.881,5.306,5.627,140818.65,5.627
2023-05-11,5.625,5.628,5.311,5.415,94727.46,5.415
2023-05-12,5.396,5.439,4.953,5.324,162364.0,5.324
2023-05-13,5.326,5.399,5.285,5.309,47409.15,5.309
2023-05-14,5.305,5.452,5.256,5.348,53755.71,5.348
2023-05-15,5.348,5.62,5.3,5.45,90750.69,5.45
2023-05-16,5.45,5.495,5.337,5.408,59626.09,5.408
2023-05-17,5.414,5.555,5.23,5.527,87013.38,5.527
2023-05-18,5.532,5.556,5.15,5.319,99605.51,5.319
2023-05-19,5.317,5.439,5.256,5.336,56692.43,5.336
2023-05-20,5.331,5.425,5.315,5.414,26485.92,5.414
2023-05-21,5.411,5.481,5.271,5.295,40342.18,5.295
2023-05-22,5.292,5.427,5.212,5.317,59848.91,5.317
2023-05-23,5.321,5.552,5.303,5.444,69362.09,5.444
2023-05-24,5.444,5.447,5.07,5.15,108681.19,5.15
2023-05-25,5.149,5.233,4.95,5.178,76226.39,5.178
2023-05-26,5.184,5.333,5.125,5.257,58087.01,5.257
2023-05-27,5.258,5.32,5.22,5.312,29099.04,5.312
2023-05-28,5.312,5.8,5.29,5.736,95621.79,5.736
2023-05-29,5.735,5.863,5.56,5.628,75169.11,5.628
2023-05-30,5.629,5.733,5.563,5.612,59278.69,5.612
2023-05-31,5.606,5.655,5.31,5.427,87803.85,5.427
2023-06-01,5.436,5.489,5.22,5.271,70171.97,5.271
2023-06-02,5.276,5.447,5.18,5.42,69131.03,5.42
2023-06-03,5.424,5.452,5.33,5.378,35942.8,5.378
2023-06-04,5.377,5.5,5.339,5.384,34946.7,5.384
2023-06-05,5.385,5.385,4.77,4.89,174846.69,4.89
2023-06-06,4.891,5.444,4.761,5.395,172575.98,5.395
2023-06-07,5.398,5.451,5.029,5.098,139763.61,5.098
2023-06-08,5.1,5.255,5.055,5.143,68089.55,5.143
2023-06-09,5.138,5.238,5.075,5.136,53880.72,5.136
2023-06-10,5.141,5.15,4.75,4.91,142612.83,4.91
2023-06-11,4.909,5.025,4.843,4.933,50823.34,4.933
2023-06-12,4.931,4.995,4.831,4.924,63026.09,4.924
2023-06-13,4.927,5.107,4.87,4.939,73445.37,4.939
2023-06-14,4.942,4.984,4.55,4.66,93817.96,4.66
2023-06-15,4.66,4.865,4.535,4.81,117783.01,4.81
2023-06-16,4.809,5.132,4.644,5.08,96930.23,5.08
2023-06-17,5.079,5.266,5.013,5.128,54352.86,5.128
2023-06-18,5.131,5.199,5.024,5.067,43021.7,5.067
2023-06-19,5.067,5.325,5.047,5.258,66724.38,5.258
2023-06-20,5.249,5.816,5.189,5.787,134126.66,5.787
2023-06-21,5.783,6.729,5.757,6.416,219481.69,6.416
2023-06-22,6.409,6.634,6.21,6.38,112559.78,6.38
2023-06-23,6.379,7.0,6.345,6.7,120477.28,6.7
2023-06-24,6.702,6.744,6.495,6.642,52928.05,6.642
2023-06-25,6.636,6.85,6.526,6.612,48516.85,6.612
2023-06-26,6.613,6.704,6.36,6.515,62209.63,6.515
2023-06-27,6.512,6.81,6.497,6.69,50070.34,6.69
2023-06-28,6.696,6.696,6.357,6.44,59806.03,6.44
2023-06-29,6.432,6.732,6.428,6.581,48393.04,6.581
2023-06-30,6.569,6.919,6.21,6.585,114095.74,6.585
2023-07-01,6.586,6.674,6.526,6.621,19782.4,6.621
2023-07-02,6.616,6.699,6.454,6.637,27386.4,6.637
2023-07-03,6.639,6.947,6.601,6.846,47686.44,6.846
2023-07-04,6.85,6.917,6.635,6.708,42818.09,6.708
2023-07-05,6.708,6.773,6.454,6.592,47043.83,6.592
2023-07-06,6.59,6.999,6.315,6.337,115513.77,6.337
2023-07-07,6.332,6.563,6.25,6.493,53972.83,6.493
2023-07-08,6.495,6.519,6.391,6.469,18809.85,6.469
2023-07-09,6.471,6.54,6.394,6.43,19735.35,6.43
2023-07-10,6.434,6.789,6.345,6.53,60756.1,6.53
2023-07-11,6.528,6.688,6.485,6.622,36166.94,6.622
2023-07-12,6.622,6.755,6.458,6.529,57043.4,6.529
2023-07-13,6.529,7.11,6.453,6.96,100972.15,6.96
2023-07-14,6.954,7.015,6.313,6.48,126987.03,6.48
2023-07-15,6.479,6.51,6.45,6.457,30873.41,6.457
2023-07-16,6.46,6.539,6.378,6.434,28856.09,6.434
2023-07-17,6.436,6.476,6.211,6.382,66784.37,6.382
2023-07-18,6.381,6.432,6.124,6.286,66605.31,6.286
2023-07-19,6.286,6.4,6.25,6.305,51637.81,6.305
2023-07-20,6.298,6.494,6.15,6.261,65321.35,6.261
2023-07-21,6.264,6.349,6.22,6.284,27953.22,6.284
2023-07-22,6.282,6.32,6.189,6.245,18460.49,6.245
2023-07-23,6.249,6.466,6.216,6.357,28954.66,6.357
2023-07-24,6.352,6.353,5.854,5.999,74165.85,5.999
2023-07-25,5.992,6.059,5.944,6.0,30394.1,6.0
2023-07-26,6.003,6.173,5.954,6.046,37042.94,6.046
2023-07-27,6.043,6.13,5.95,6.004,29643.36,6.004
2023-07-28,6.004,6.114,5.952,6.03,22755.17,6.03
2023-07-29,6.027,6.065,6.001,6.034,9248.43,6.034
2023-07-30,6.031,6.077,5.918,6.01,27421.48,6.01
2023-07-31,6.023,6.1,5.955,6.002,32704.99,6.002
2023-08-01,5.996,6.178,5.732,6.178,63176.66,6.178
2023-08-02,6.174,6.299,5.87,5.968,59846.18,5.968
2023-08-03,5.972,6.066,5.9,5.98,31914.7,5.98
2023-08-04,5.97,6.019,5.804,5.93,27225.7,5.93
2023-08-05,5.935,5.962,5.886,5.909,14828.16,5.909
2023-08-06,5.908,5.962,5.88,5.916,19634.35,5.916
2023-08-07,5.916,5.977,5.763,5.951,32072.52,5.951
2023-08-08,5.954,6.36,5.889,6.182,57232.24,6.182
2023-08-09,6.175,6.317,6.046,6.114,31537.04,6.114
2023-08-10,6.114,6.169,6.004,6.052,30665.32,6.052
2023-08-11,6.059,6.096,5.983,6.039,17334.79,6.039
2023-08-12,6.04,6.059,6.015,6.036,8247.48,6.036
2023-08-13,6.04,6.069,5.976,5.988,13466.35,5.988
2023-08-14,5.988,6.13,5.908,6.007,35906.0,6.007
2023-08-15,6.014,6.036,5.896,5.93,24716.32,5.93
2023-08-16,5.926,5.964,5.744,5.744,40901.5,5.744
2023-08-17,5.744,5.77,4.167,4.9,174346.78,4.9
2023-08-18,4.9,4.966,4.528,4.666,130045.03,4.666
2023-08-19,4.672,4.75,4.558,4.689,64950.56,4.689
2023-08-20,4.689,4.75,4.649,4.715,36709.11,4.715
2023-08-21,4.723,4.73,4.571,4.69,49086.75,4.69
2023-08-22,4.692,4.692,4.405,4.67,62721.26,4.67
2023-08-23,4.671,4.942,4.585,4.795,70196.54,4.795
2023-08-24,4.799,4.861,4.6,4.703,42004.96,4.703
2023-08-25,4.705,4.748,4.58,4.659,29691.2,4.659
2023-08-26,4.659,4.68,4.635,4.64,11891.61,4.64
2023-08-27,4.639,4.716,4.632,4.68,17686.7,4.68
2023-08-28,4.682,4.733,4.604,4.687,33623.42,4.687
2023-08-29,4.688,5.42,4.602,5.278,144008.86,5.278
2023-08-30,5.278,5.29,5.005,5.123,52155.35,5.123
2023-08-31,5.109,5.228,4.5,4.609,99980.05,4.609
2023-09-01,4.611,4.692,4.378,4.541,93215.75,4.541
2023-09-02,4.541,4.621,4.517,4.568,26912.1,4.568
2023-09-03,4.568,4.66,4.548,4.6,26819.55,4.6
2023-09-04,4.6,4.643,4.482,4.551,29167.51,4.551
2023-09-05,4.553,4.57,4.454,4.537,30937.26,4.537
2023-09-06,4.539,4.615,4.39,4.529,42877.0,4.529
2023-09-07,4.517,4.768,4.476,4.693,45579.2,4.693
2023-09-08,4.703,4.758,4.5,4.581,37927.1,4.581
2023-09-09,4.581,4.592,4.539,4.573,15486.88,4.573
2023-09-10,4.578,4.62,4.46,4.553,26171.98,4.553
2023-09-11,4.55,4.576,4.22,4.323,88854.69,4.323
2023-09-12,4.316,4.799,4.296,4.547,109491.43,4.547
2023-09-13,4.545,4.747,4.521,4.674,70052.6,4.674
2023-09-14,4.673,4.907,4.648,4.784,91707.22,4.784
2023-09-15,4.784,4.94,4.665,4.824,53218.38,4.824
2023-09-16,4.827,4.884,4.766,4.808,23669.72,4.808
2023-09-17,4.795,4.825,4.73,4.79,20790.37,4.79
2023-09-18,4.794,5.11,4.737,4.887,69355.83,4.887
2023-09-19,4.885,5.149,4.846,5.055,57496.57,5.055
2023-09-20,5.049,5.116,4.901,5.027,43632.79,5.027
2023-09-21,5.02,5.027,4.749,4.814,54585.81,4.814
2023-09-22,4.813,4.869,4.781,4.819,28869.3,4.819
2023-09-23,4.819,4.835,4.79,4.806,13285.0,4.806
2023-09-24,4.804,4.859,4.645,4.696,23013.8,4.696
2023-09-25,4.692,4.754,4.6,4.705,54702.09,4.705
2023-09-26,4.707,4.738,4.632,4.676,25931.83,4.676
2023-09-27,4.68,4.909,4.644,4.727,84057.09,4.727
2023-09-28,4.729,5.076,4.707,4.978,109473.91,4.978
2023-09-29,4.977,5.053,4.852,4.937,46952.62,4.937
2023-09-30,4.93,5.0,4.919,4.952,26692.51,4.952
2023-10-01,4.951,5.42,4.946,5.331,63229.75,5.331
2023-10-02,5.33,5.557,5.058,5.143,100823.8,5.143
2023-10-03,5.143,5.217,5.028,5.111,48467.85,5.111
2023-10-04,5.111,5.28,5.026,5.251,45637.77,5.251
2023-10-05,5.252,5.386,5.101,5.116,51747.79,5.116
2023-10-06,5.12,5.466,5.02,5.305,63019.93,5.305
2023-10-07,5.311,5.365,5.277,5.312,21426.87,5.312
2023-10-08,5.315,5.378,5.219,5.305,27741.92,5.305
2023-10-09,5.302,5.328,5.062,5.169,57669.11,5.169
2023-10-10,5.169,5.228,5.066,5.111,50736.56,5.111
2023-10-11,5.111,5.152,4.785,4.905,91771.4,4.905
2023-10-12,4.901,4.915,4.77,4.844,43209.67,4.844
2023-10-13,4.848,4.987,4.818,4.888,38321.53,4.888
2023-10-14,4.895,4.938,4.87,4.888,17730.23,4.888
2023-10-15,4.892,5.068,4.869,4.984,31085.15,4.984
2023-10-16,4.99,6.3,4.964,5.507,170103.89,5.507
2023-10-17,5.511,5.55,5.327,5.462,49221.37,5.462
2023-10-18,5.465,5.7,5.37,5.435,41305.75,5.435
2023-10-19,5.434,5.67,5.365,5.588,47939.59,5.588
2023-10-20,5.599,6.2,5.495,5.992,76243.05,5.992
2023-10-21,5.985,6.253,5.887,6.078,34538.45,6.078
2023-10-22,6.069,6.196,5.968,6.099,30473.3,6.099
2023-10-23,6.102,8.6,6.07,7.381,156645.26,7.381
2023-10-24,7.369,8.649,7.296,7.934,184382.27,7.934
2023-10-25,7.957,8.483,7.834,8.159,62350.47,8.159
2023-10-26,8.157,8.314,7.867,8.021,40332.05,8.021
2023-10-27,8.042,8.067,7.717,7.903,37306.91,7.903
2023-10-28,7.903,8.167,7.901,8.021,19448.0,8.021
2023-10-29,8.013,8.284,7.938,8.17,26574.91,8.17
2023-10-30,8.189,8.326,7.967,8.15,33366.02,8.15
2023-10-31,8.15,8.24,7.984,8.223,27217.3,8.223
2023-11-01,8.235,8.669,8.0,8.557,56558.25,8.557
2023-11-02,8.554,8.78,8.055,8.327,54348.76,8.327
2023-11-03,8.324,8.324,7.988,8.22,29416.81,8.22
2023-11-04,8.208,8.448,8.162,8.36,16563.18,8.36
2023-11-05,8.368,8.511,8.106,8.352,32109.18,8.352
2023-11-06,8.354,8.46,8.235,8.37,24270.26,8.37
2023-11-07,8.365,8.737,8.124,8.516,44842.81,8.516
2023-11-08,8.504,8.823,8.378,8.606,31420.03,8.606
2023-11-09,8.606,9.7,8.5,9.08,87446.99,9.08
2023-11-10,9.07,9.455,8.918,9.358,43507.92,9.358
2023-11-11,9.358,9.399,9.051,9.281,23016.64,9.281
2023-11-12,9.29,9.31,9.14,9.241,19771.42,9.241
2023-11-13,9.23,9.4,8.9,8.945,35277.19,8.945
2023-11-14,8.939,9.078,8.023,8.52,50292.71,8.52
2023-11-15,8.52,9.596,8.407,9.567,52399.02,9.567
2023-11-16,9.582,9.588,8.45,8.787,55862.09,8.787
2023-11-17,8.774,9.1,8.615,8.987,35338.93,8.987
2023-11-18,8.99,9.089,8.787,8.962,15872.96,8.962
2023-11-19,8.936,9.37,8.855,9.29,21451.73,9.29
2023-11-20,9.33,9.476,9.0,9.378,27116.05,9.378
2023-11-21,9.358,9.426,8.589,8.592,54678.78,8.592
2023-11-22,8.592,9.519,8.505,9.317,51157.44,9.317
2023-11-23,9.316,9.428,9.07,9.253,24550.47,9.253
2023-11-24,9.253,9.764,9.231,9.441,33353.43,9.441
2023-11-25,9.433,9.523,9.385,9.469,11423.35,9.469
2023-11-26,9.46,9.48,9.171,9.33,18455.67,9.33
2023-11-27,9.315,9.391,8.957,9.177,27706.04,9.177
2023-11-28,9.206,9.701,9.037,9.463,27487.41,9.463
2023-11-29,9.458,9.759,9.34,9.46,20741.88,9.46
2023-11-30,9.467,9.595,9.301,9.413,16150.74,9.413
2023-12-01,9.41,9.99,9.348,9.849,26923.44,9.849
2023-12-02,9.829,10.417,9.765,10.205,23064.96,10.205
2023-12-03,10.199,10.614,10.131,10.458,21737.34,10.458
2023-12-04,10.488,11.63,10.471,11.372,59285.19,11.372
2023-12-05,11.372,12.66,11.091,12.42,50717.61,12.42
2023-12-06,12.419,12.569,12.105,12.271,34810.7,12.271
2023-12-07,12.319,12.445,11.762,12.028,28305.56,12.028
2023-12-08,12.05,12.769,11.981,12.503,27801.76,12.503
2023-12-09,12.527,12.609,12.175,12.238,19616.08,12.238
2023-12-10,12.263,12.411,12.16,12.282,11191.02,12.282
2023-12-11,12.313,12.313,10.5,11.0,61765.08,11.0
2023-12-12,11.0,11.395,10.753,11.12,31314.57,11.12
2023-12-13,11.12,12.08,10.65,11.789,36798.4,11.789
2023-12-14,11.814,12.05,10.985,11.834,26673.9,11.834
2023-12-15,11.834,11.861,11.211,11.306,19100.01,11.306
2023-12-16,11.34,11.679,11.17,11.47,14124.32,11.47
2023-12-17,11.445,11.55,10.963,11.05,17926.54,11.05
2023-12-18,11.05,11.69,10.6,11.643,37489.01,11.643
2023-12-19,11.628,12.039,11.261,11.453,28902.74,11.453
2023-12-20,11.453,12.444,11.363,12.14,32036.86,12.14
2023-12-21,12.13,12.42,11.989,12.243,23381.84,12.243
2023-12-22,12.219,12.48,11.98,12.245,18582.95,12.245
2023-12-23,12.272,12.272,11.906,12.135,12264.55,12.135
2023-12-24,12.121,12.232,11.545,11.745,16222.61,11.745
2023-12-25,11.745,12.14,11.6,12.062,17204.22,12.062
2023-12-26,12.066,12.066,11.087,11.497,28325.72,11.497
2023-12-27,11.497,12.02,11.3,11.89,21824.61,11.89
2023-12-28,11.84,12.085,11.302,11.509,25245.25,11.509
2023-12-29,11.499,11.728,10.804,11.19,27942.15,11.19
2023-12-30,11.19,11.453,10.934,11.198,16185.44,11.198
2023-12-31,11.218,11.547,11.071,11.287,12168.54,11.287
